Rk,Gcar,Gtm,Date,Team,,Opp,Result,GS,MP,FG,FGA,FG%,3P,3PA,3P%,2P,2PA,2P%,eFG%,FT,FTA,FT%,ORB,DRB,TRB,AST,STL,BLK,TOV,PF,PTS,GmSc,+/-
1,1,1,2006-04-22,CLE,,WAS,W 97-86,*,48:00,12,27,.444,1,4,.250,11,23,.478,.463,7,11,.636,3,8,11,11,0,0,4,3,32,23.3,11
2,2,2,2006-04-25,CLE,,WAS,L 84-89,*,43:28,7,25,.280,1,6,.167,6,19,.316,.300,11,15,.733,2,7,9,2,2,3,10,5,26,6.7,-2
3,3,3,2006-04-28,CLE,@,WAS,W 97-96,*,47:37,16,28,.571,3,5,.600,13,23,.565,.625,6,9,.667,1,4,5,3,2,0,4,3,41,27.4,1
4,4,4,2006-04-30,CLE,@,WAS,L 96-106,*,45:20,13,23,.565,7,12,.583,6,11,.545,.717,5,7,.714,1,5,6,5,0,0,7,5,38,23.0,-16
5,5,5,2006-05-03,CLE,,WAS,W 121-120 (OT),*,46:07,14,23,.609,0,1,.000,14,22,.636,.609,17,18,.944,5,2,7,6,2,0,4,5,45,38.4,-4
6,6,6,2006-05-05,CLE,@,WAS,W 114-113 (OT),*,53:00,15,25,.600,1,6,.167,14,19,.737,.620,1,3,.333,0,7,7,7,2,1,5,4,32,22.8,1
,,,,,,,,,,,,,,,,,,,,,,,,,,,,,,,,,
7,7,7,2006-05-07,CLE,@,DET,L 86-113,*,36:00,9,18,.500,2,5,.400,7,13,.538,.556,2,2,1.000,1,3,4,4,0,0,4,3,22,12.2,-31
8,8,8,2006-05-09,CLE,@,DET,L 91-97,*,47:32,11,23,.478,2,5,.400,9,18,.500,.522,6,8,.750,2,12,14,7,0,0,3,4,30,22.8,-4
9,9,9,2006-05-13,CLE,,DET,W 86-77,*,48:00,9,18,.500,1,4,.250,8,14,.571,.528,2,2,1.000,0,10,10,10,4,1,4,2,21,21.9,9
10,10,10,2006-05-15,CLE,,DET,W 74-72,*,48:00,8,23,.348,1,2,.500,7,21,.333,.370,5,10,.500,1,7,8,9,2,2,8,3,22,10.4,2
11,11,11,2006-05-17,CLE,@,DET,W 86-84,*,46:50,13,30,.433,1,4,.250,12,26,.462,.450,5,7,.714,3,2,5,5,2,1,2,3,32,21.1,2
12,12,12,2006-05-19,CLE,,DET,L 82-84,*,47:50,8,20,.400,1,5,.200,7,15,.467,.425,15,18,.833,0,11,11,5,1,1,7,2,32,20.7,-2
13,13,13,2006-05-21,CLE,@,DET,L 61-79,*,46:45,11,24,.458,0,4,.000,11,20,.550,.458,5,8,.625,3,5,8,2,1,0,3,2,27,15.6,-16
14,14,1,2007-04-22,CLE,,WAS,W 97-82,*,44:19,7,14,.500,0,2,.000,7,12,.583,.500,9,11,.818,2,7,9,7,2,0,1,1,23,24.2,17
15,15,2,2007-04-25,CLE,,WAS,W 109-102,*,45:00,8,22,.364,0,3,.000,8,19,.421,.364,11,13,.846,4,4,8,7,1,2,2,2,27,22.5,12
16,16,3,2007-04-28,CLE,@,WAS,W 98-92,*,46:02,11,22,.500,3,5,.600,8,17,.471,.568,5,7,.714,0,6,6,9,1,0,2,3,30,24.1,6
17,17,4,2007-04-30,CLE,@,WAS,W 97-90,*,46:11,8,22,.364,1,5,.200,7,17,.412,.386,14,17,.824,3,8,11,7,3,1,2,3,31,27.5,12
,,,,,,,,,,,,,,,,,,,,,,,,,,,,,,,,,
18,18,5,2007-05-06,CLE,,NJN,W 81-77,*,46:01,8,21,.381,1,4,.250,7,17,.412,.405,4,6,.667,2,9,11,7,1,1,3,2,21,15.6,6
19,19,6,2007-05-08,CLE,,NJN,W 102-92,*,45:49,12,24,.500,3,7,.429,9,17,.529,.563,9,13,.692,0,1,1,12,3,0,2,2,36,31.3,8
20,20,7,2007-05-12,CLE,@,NJN,L 85-96,*,44:08,5,16,.313,1,5,.200,4,11,.364,.344,7,7,1.000,0,6,6,12,0,0,2,2,18,16.2,-12
21,21,8,2007-05-14,CLE,@,NJN,W 87-85,*,46:20,9,16,.563,2,3,.667,7,13,.538,.625,10,15,.667,0,9,9,7,0,0,3,1,30,24.6,9
22,22,9,2007-05-16,CLE,,NJN,L 72-83,*,42:47,5,14,.357,0,2,.000,5,12,.417,.357,10,11,.909,3,6,9,5,2,1,5,4,20,15.3,-15
23,23,10,2007-05-18,CLE,@,NJN,W 88-72,*,38:53,8,20,.400,1,5,.200,7,15,.467,.425,6,9,.667,1,7,8,8,1,0,2,4,23,16.8,26
,,,,,,,,,,,,,,,,,,,,,,,,,,,,,,,,,
24,24,11,2007-05-21,CLE,@,DET,L 76-79,*,45:22,5,15,.333,0,0,,5,15,.333,.333,0,0,,1,9,10,9,4,1,2,1,10,13.5,-5
25,25,12,2007-05-24,CLE,@,DET,L 76-79,*,44:41,7,19,.368,0,1,.000,7,18,.389,.368,5,7,.714,0,6,6,7,3,0,6,1,19,11.0,-6
26,26,13,2007-05-27,CLE,,DET,W 88-82,*,46:07,12,21,.571,2,3,.667,10,18,.556,.619,6,9,.667,1,8,9,9,2,0,3,2,32,28.5,6
27,27,14,2007-05-29,CLE,,DET,W 91-87,*,44:17,8,19,.421,1,5,.200,7,14,.500,.447,8,9,.889,0,7,7,11,3,0,3,0,25,24.3,-4
28,28,15,2007-05-31,CLE,@,DET,W 109-107 (2OT),*,50:18,18,33,.545,2,3,.667,16,30,.533,.576,10,14,.714,3,6,9,7,2,0,2,3,48,38.1,2
29,29,16,2007-06-02,CLE,,DET,W 98-82,*,46:12,3,11,.273,0,2,.000,3,9,.333,.273,14,19,.737,2,12,14,8,2,2,3,1,20,22.1,13
,,,,,,,,,,,,,,,,,,,,,,,,,,,,,,,,,
30,30,17,2007-06-07,CLE,@,SAS,L 76-85,*,44:00,4,16,.250,2,6,.333,2,10,.200,.313,4,4,1.000,1,6,7,4,1,1,6,1,14,5.0,-5
31,31,18,2007-06-10,CLE,@,SAS,L 92-103,*,38:00,9,21,.429,0,2,.000,9,19,.474,.429,7,11,.636,3,4,7,6,1,0,6,3,25,13.6,-5
32,32,19,2007-06-12,CLE,,SAS,L 72-75,*,41:59,9,23,.391,0,5,.000,9,18,.500,.391,7,8,.875,0,8,8,7,2,1,5,3,25,15.9,4
33,33,20,2007-06-14,CLE,,SAS,L 82-83,*,46:29,10,30,.333,2,7,.286,8,23,.348,.367,2,6,.333,0,6,6,10,0,0,6,1,24,7.8,2
34,34,1,2008-04-19,CLE,,WAS,W 93-86,*,41:25,12,19,.632,0,2,.000,12,17,.706,.632,8,14,.571,0,6,6,4,1,2,1,1,32,26.7,9
35,35,2,2008-04-21,CLE,,WAS,W 116-86,*,39:00,9,19,.474,2,6,.333,7,13,.538,.526,10,17,.588,1,8,9,12,1,2,1,2,30,29.6,34
36,36,3,2008-04-24,CLE,@,WAS,L 72-108,*,35:57,10,19,.526,0,4,.000,10,15,.667,.526,2,4,.500,0,7,7,3,1,1,4,3,22,12.6,-24
37,37,4,2008-04-27,CLE,@,WAS,W 100-97,*,44:23,11,25,.440,3,8,.375,8,17,.471,.500,9,14,.643,2,10,12,7,2,0,5,5,34,23.2,3
38,38,5,2008-04-30,CLE,,WAS,L 87-88,*,44:05,8,21,.381,3,9,.333,5,12,.417,.452,15,18,.833,2,8,10,7,1,2,5,0,34,27.4,-3
39,39,6,2008-05-02,CLE,@,WAS,W 105-88,*,44:12,8,17,.471,1,2,.500,7,15,.467,.500,10,10,1.000,2,11,13,13,2,1,1,2,27,33.0,26
,,,,,,,,,,,,,,,,,,,,,,,,,,,,,,,,,
40,40,7,2008-05-06,CLE,@,BOS,L 72-76,*,38:49,2,18,.111,0,6,.000,2,12,.167,.111,8,10,.800,2,7,9,9,1,1,10,4,12,-0.7,-7
41,41,8,2008-05-08,CLE,@,BOS,L 73-89,*,41:38,6,24,.250,0,4,.000,6,20,.300,.250,9,13,.692,2,3,5,6,2,1,7,1,21,6.8,-15
42,42,9,2008-05-10,CLE,,BOS,W 108-84,*,40:15,5,16,.313,3,5,.600,2,11,.182,.406,8,12,.667,0,5,5,8,4,3,2,3,21,20.2,29
43,43,10,2008-05-12,CLE,,BOS,W 88-77,*,44:00,7,20,.350,2,5,.400,5,15,.333,.400,5,8,.625,1,5,6,13,3,2,4,3,21,19.1,15
44,44,11,2008-05-14,CLE,@,BOS,L 89-96,*,44:43,12,25,.480,0,5,.000,12,20,.600,.480,11,13,.846,0,3,3,5,1,1,4,3,35,22.4,-8
45,45,12,2008-05-16,CLE,,BOS,W 74-69,*,46:39,9,23,.391,1,3,.333,8,20,.400,.413,13,15,.867,3,9,12,6,2,1,8,2,32,21.6,7
46,46,13,2008-05-18,CLE,@,BOS,L 92-97,*,46:48,14,29,.483,3,11,.273,11,18,.611,.534,14,19,.737,1,4,5,6,2,0,2,4,45,32.8,0
47,47,1,2009-04-18,CLE,,DET,W 102-84,*,40:52,13,20,.650,1,4,.250,12,16,.750,.675,11,14,.786,0,8,8,7,1,0,0,1,38,35.9,22
48,48,2,2009-04-21,CLE,,DET,W 94-82,*,37:55,7,14,.500,2,5,.400,5,9,.556,.571,13,17,.765,1,12,13,6,0,0,2,1,29,26.5,21
49,49,3,2009-04-24,CLE,@,DET,W 79-68,*,42:44,9,19,.474,0,5,.000,9,14,.643,.474,7,11,.636,2,9,11,9,3,2,2,0,25,26.5,13
50,50,4,2009-04-26,CLE,@,DET,W 99-78,*,40:39,10,24,.417,0,3,.000,10,21,.476,.417,16,17,.941,1,12,13,8,2,1,2,3,36,32.2,10
,,,,,,,,,,,,,,,,,,,,,,,,,,,,,,,,,
51,51,5,2009-05-05,CLE,,ATL,W 99-72,*,34:19,12,20,.600,2,6,.333,10,14,.714,.650,8,9,.889,3,7,10,3,4,0,3,0,34,31.7,13
52,52,6,2009-05-07,CLE,,ATL,W 105-85,*,31:10,9,14,.643,3,5,.600,6,9,.667,.750,6,12,.500,0,3,3,5,4,1,0,1,27,27.1,23
53,53,7,2009-05-09,CLE,@,ATL,W 97-82,*,43:14,15,25,.600,5,10,.500,10,15,.667,.700,12,16,.750,2,10,12,8,1,1,1,2,47,43.8,26
54,54,8,2009-05-11,CLE,@,ATL,W 84-74,*,43:25,9,22,.409,3,6,.500,6,16,.375,.477,6,9,.667,0,8,8,8,1,0,3,3,27,18.8,1
,,,,,,,,,,,,,,,,,,,,,,,,,,,,,,,,,
55,55,9,2009-05-20,CLE,,ORL,L 106-107,*,41:14,20,30,.667,3,6,.500,17,24,.708,.717,6,10,.600,3,3,6,8,2,3,2,1,49,44.7,7
56,56,10,2009-05-22,CLE,,ORL,W 96-95,*,42:32,12,23,.522,1,3,.333,11,20,.550,.543,10,12,.833,2,2,4,5,1,0,6,3,35,22.2,-7
57,57,11,2009-05-24,CLE,@,ORL,L 89-99,*,41:57,11,28,.393,1,8,.125,10,20,.500,.411,18,24,.750,0,7,7,9,2,1,2,3,41,31.3,-12
58,58,12,2009-05-26,CLE,@,ORL,L 114-116 (OT),*,49:24,13,29,.448,4,10,.400,9,19,.474,.517,14,18,.778,1,11,12,7,1,1,8,5,44,27.9,6
59,59,13,2009-05-28,CLE,,ORL,W 112-102,*,45:30,11,24,.458,0,2,.000,11,22,.500,.458,15,19,.789,3,11,14,12,1,1,4,3,37,33.3,11
60,60,14,2009-05-30,CLE,@,ORL,L 90-103,*,44:53,8,20,.400,2,8,.250,6,12,.500,.450,7,11,.636,1,6,7,7,0,1,3,4,25,16.1,-12
61,61,1,2010-04-17,CLE,,CHI,W 96-83,*,40:14,9,19,.474,0,1,.000,9,18,.500,.474,6,7,.857,0,6,6,5,1,4,3,2,24,19.2,19
62,62,2,2010-04-19,CLE,,CHI,W 112-102,*,41:05,16,23,.696,2,4,.500,14,19,.737,.739,6,6,1.000,1,7,8,8,1,2,2,2,40,38.3,6
63,63,3,2010-04-22,CLE,@,CHI,L 106-108,*,44:16,14,26,.538,4,8,.500,10,18,.556,.615,7,13,.538,2,8,10,8,2,3,5,3,39,31.3,5
64,64,4,2010-04-25,CLE,@,CHI,W 121-98,*,36:24,11,17,.647,6,9,.667,5,8,.625,.824,9,10,.900,0,12,12,11,2,1,2,3,37,39.9,29
65,65,5,2010-04-27,CLE,,CHI,W 96-94,*,43:13,5,12,.417,1,2,.500,4,10,.400,.458,8,14,.571,3,7,10,9,0,2,3,1,19,18.7,1
,,,,,,,,,,,,,,,,,,,,,,,,,,,,,,,,,
66,66,6,2010-05-01,CLE,,BOS,W 101-93,*,43:12,12,24,.500,3,6,.500,9,18,.500,.563,8,11,.727,2,5,7,7,3,2,2,1,35,31.6,7
67,67,7,2010-05-03,CLE,,BOS,L 86-104,*,41:09,7,15,.467,0,4,.000,7,11,.636,.467,10,15,.667,0,7,7,4,3,2,5,1,24,18.2,-16
68,68,8,2010-05-07,CLE,@,BOS,W 124-95,*,39:16,14,22,.636,2,3,.667,12,19,.632,.682,8,9,.889,2,6,8,7,1,2,1,1,38,36.9,30
69,69,9,2010-05-09,CLE,@,BOS,L 87-97,*,43:14,7,18,.389,0,5,.000,7,13,.538,.389,8,11,.727,1,8,9,8,2,1,7,4,22,13.8,-10
70,70,10,2010-05-11,CLE,,BOS,L 88-120,*,41:40,3,14,.214,0,4,.000,3,10,.300,.214,9,12,.750,1,5,6,7,1,0,3,3,15,9.1,-22
71,71,11,2010-05-13,CLE,@,BOS,L 85-94,*,46:12,8,21,.381,2,4,.500,6,17,.353,.429,9,12,.750,3,16,19,10,3,1,9,2,27,22.1,-5
72,72,1,2011-04-16,MIA,,PHI,W 97-89,*,42:43,4,14,.286,0,2,.000,4,12,.333,.286,13,14,.929,4,10,14,5,1,3,2,3,21,21.6,4
73,73,2,2011-04-18,MIA,,PHI,W 94-73,*,38:55,10,19,.526,1,1,1.000,9,18,.500,.553,8,10,.800,1,6,7,6,0,0,0,1,29,25.2,24
74,74,3,2011-04-21,MIA,@,PHI,W 100-94,*,44:16,8,15,.533,1,4,.250,7,11,.636,.567,7,10,.700,1,14,15,6,1,0,1,1,24,24.2,8
75,75,4,2011-04-24,MIA,@,PHI,L 82-86,*,43:33,11,20,.550,0,4,.000,11,16,.688,.550,9,11,.818,2,5,7,6,1,1,1,2,31,27.6,-4
76,76,5,2011-04-27,MIA,,PHI,W 97-91,*,41:40,5,13,.385,2,5,.400,3,8,.375,.462,4,5,.800,3,7,10,8,1,0,3,2,16,15.5,5
,,,,,,,,,,,,,,,,,,,,,,,,,,,,,,,,,
77,77,6,2011-05-01,MIA,,BOS,W 99-90,*,39:54,8,19,.421,1,3,.333,7,16,.438,.447,5,9,.556,1,5,6,5,2,2,3,2,22,15.6,1
78,78,7,2011-05-03,MIA,,BOS,W 102-91,*,44:03,14,25,.560,2,4,.500,12,21,.571,.600,5,8,.625,2,5,7,2,1,1,0,3,35,26.7,10
79,79,8,2011-05-07,MIA,@,BOS,L 81-97,*,42:48,6,16,.375,0,3,.000,6,13,.462,.375,3,7,.429,2,5,7,4,2,5,4,3,15,10.6,-21
80,80,9,2011-05-09,MIA,@,BOS,W 98-90 (OT),*,50:17,12,28,.429,2,6,.333,10,22,.455,.464,9,9,1.000,3,11,14,3,3,0,5,3,35,24.5,7
81,81,10,2011-05-11,MIA,,BOS,W 97-87,*,45:43,11,20,.550,5,7,.714,6,13,.462,.675,6,9,.667,2,5,7,4,1,1,5,1,33,24.2,14
,,,,,,,,,,,,,,,,,,,,,,,,,,,,,,,,,
82,82,11,2011-05-15,MIA,@,CHI,L 82-103,*,41:12,5,15,.333,1,3,.333,4,12,.333,.367,4,4,1.000,1,5,6,6,2,3,4,2,15,12.2,-14
83,83,12,2011-05-18,MIA,@,CHI,W 85-75,*,45:39,12,21,.571,2,6,.333,10,15,.667,.619,3,7,.429,3,7,10,5,3,0,5,3,29,22.0,8
84,84,13,2011-05-22,MIA,,CHI,W 96-85,*,43:55,6,13,.462,1,2,.500,5,11,.455,.500,9,9,1.000,1,5,6,10,2,2,0,4,22,26.3,16
85,85,14,2011-05-24,MIA,,CHI,W 101-93 (OT),*,49:23,11,26,.423,0,1,.000,11,25,.440,.423,13,13,1.000,2,4,6,6,2,2,5,4,35,24.8,-1
86,86,15,2011-05-26,MIA,@,CHI,W 83-80,*,45:46,8,19,.421,3,6,.500,5,13,.385,.500,9,11,.818,0,11,11,6,3,2,4,2,28,24.2,8
,,,,,,,,,,,,,,,,,,,,,,,,,,,,,,,,,
87,87,16,2011-05-31,MIA,,DAL,W 92-84,*,45:15,9,16,.563,4,5,.800,5,11,.455,.688,2,2,1.000,0,9,9,5,1,0,1,4,24,21.0,9
88,88,17,2011-06-02,MIA,,DAL,L 93-95,*,39:37,8,15,.533,2,7,.286,6,8,.750,.600,2,4,.500,1,7,8,4,4,1,5,4,20,15.6,-5
89,89,18,2011-06-05,MIA,@,DAL,W 88-86,*,45:15,6,14,.429,1,4,.250,5,10,.500,.464,4,4,1.000,0,3,3,9,2,0,4,3,17,13.6,1
90,90,19,2011-06-07,MIA,@,DAL,L 83-86,*,45:43,3,11,.273,0,3,.000,3,8,.375,.273,2,4,.500,3,6,9,7,2,0,4,4,8,5.9,-6
91,91,20,2011-06-09,MIA,@,DAL,L 103-112,*,45:38,8,19,.421,0,4,.000,8,15,.533,.421,1,2,.500,1,9,10,10,0,1,4,3,17,12.4,-11
92,92,21,2011-06-12,MIA,,DAL,L 95-105,*,40:21,9,15,.600,2,5,.400,7,10,.700,.667,1,4,.250,1,3,4,6,1,1,6,2,21,13.6,-24
93,93,1,2012-04-28,MIA,,NYK,W 100-67,*,31:41,10,14,.714,1,1,1.000,9,13,.692,.750,11,14,.786,1,3,4,3,4,0,2,2,32,29.9,35
94,94,2,2012-04-30,MIA,,NYK,W 104-94,*,40:35,8,18,.444,0,3,.000,8,15,.533,.444,3,7,.429,1,6,7,9,2,0,2,1,19,16.4,10
95,95,3,2012-05-03,MIA,@,NYK,W 87-70,*,35:50,9,21,.429,2,5,.400,7,16,.438,.476,12,13,.923,2,6,8,5,2,0,8,5,32,19.2,23
96,96,4,2012-05-06,MIA,@,NYK,L 87-89,*,41:27,9,21,.429,2,5,.400,7,16,.438,.476,7,8,.875,0,4,4,4,1,0,5,4,27,13.9,-7
97,97,5,2012-05-09,MIA,,NYK,W 106-94,*,39:38,7,16,.438,2,6,.333,5,10,.500,.500,13,15,.867,1,7,8,7,2,1,4,2,29,25.4,6
,,,,,,,,,,,,,,,,,,,,,,,,,,,,,,,,,
98,98,6,2012-05-13,MIA,,IND,W 95-86,*,43:15,12,26,.462,0,3,.000,12,23,.522,.462,8,10,.800,6,9,15,5,2,1,1,1,32,29.5,12
99,99,7,2012-05-15,MIA,,IND,L 75-78,*,42:49,10,22,.455,0,4,.000,10,18,.556,.455,8,13,.615,4,5,9,5,6,0,2,0,28,26.4,-7
100,100,8,2012-05-17,MIA,@,IND,L 75-94,*,40:06,10,22,.455,1,4,.250,9,18,.500,.477,1,3,.333,1,6,7,3,2,0,4,1,22,12.0,-9
101,101,9,2012-05-20,MIA,@,IND,W 101-93,*,43:54,14,27,.519,0,0,,14,27,.519,.519,12,16,.750,6,12,18,9,2,2,5,1,40,37.2,4
102,102,10,2012-05-22,MIA,,IND,W 115-83,*,38:09,12,19,.632,2,4,.500,10,15,.667,.684,4,4,1.000,3,7,10,8,1,1,4,1,30,28.6,28
103,103,11,2012-05-24,MIA,@,IND,W 105-93,*,44:46,12,23,.522,0,3,.000,12,20,.600,.522,4,5,.800,1,5,6,7,3,0,1,1,28,25.0,16
,,,,,,,,,,,,,,,,,,,,,,,,,,,,,,,,,
104,104,12,2012-05-28,MIA,,BOS,W 93-79,*,43:53,13,22,.591,0,3,.000,13,19,.684,.591,6,9,.667,1,12,13,3,1,3,3,2,32,26.3,17
105,105,13,2012-05-30,MIA,,BOS,W 115-111 (OT),*,47:39,7,20,.350,2,6,.333,5,14,.357,.400,18,24,.750,4,6,10,7,1,1,1,2,34,29.8,10
106,106,14,2012-06-01,MIA,@,BOS,L 91-101,*,43:18,16,26,.615,1,4,.250,15,22,.682,.635,1,5,.200,0,8,8,5,2,2,3,4,34,25.3,-6
107,107,15,2012-06-03,MIA,@,BOS,L 91-93 (OT),*,48:06,12,25,.480,1,3,.333,11,22,.500,.500,4,8,.500,1,5,6,3,1,1,7,6,29,11.3,1
108,108,16,2012-06-05,MIA,,BOS,L 90-94,*,45:20,11,25,.440,2,6,.333,9,19,.474,.480,6,8,.750,3,10,13,2,2,1,3,1,30,21.9,0
109,109,17,2012-06-07,MIA,@,BOS,W 98-79,*,44:49,19,26,.731,2,4,.500,17,22,.773,.769,5,9,.556,2,13,15,5,0,0,4,3,45,36.4,22
110,110,18,2012-06-09,MIA,,BOS,W 101-88,*,47:32,9,21,.429,1,5,.200,8,16,.500,.452,12,17,.706,2,10,12,2,1,1,3,0,31,22.4,13
,,,,,,,,,,,,,,,,,,,,,,,,,,,,,,,,,
111,111,19,2012-06-12,MIA,@,OKC,L 94-105,*,45:50,11,24,.458,1,3,.333,10,21,.476,.479,7,9,.778,1,8,9,4,4,0,4,1,30,22.3,-11
112,112,20,2012-06-14,MIA,@,OKC,W 100-96,*,42:19,10,22,.455,0,2,.000,10,20,.500,.455,12,12,1.000,2,6,8,5,1,0,2,4,32,24.7,6
113,113,21,2012-06-17,MIA,,OKC,W 91-85,*,43:50,11,23,.478,1,4,.250,10,19,.526,.500,6,8,.750,5,9,14,3,0,0,4,1,29,20.4,8
114,114,22,2012-06-19,MIA,,OKC,W 104-98,*,44:21,10,20,.500,1,4,.250,9,16,.563,.525,5,8,.625,3,6,9,12,2,0,3,2,26,25.3,8
115,115,23,2012-06-21,MIA,,OKC,W 121-106,*,44:09,9,19,.474,0,3,.000,9,16,.563,.474,8,9,.889,4,7,11,13,1,2,6,2,26,25.5,20
116,116,1,2013-04-21,MIA,,MIL,W 110-87,*,34:31,9,11,.818,1,2,.500,8,9,.889,.864,8,11,.727,2,8,10,8,0,0,5,2,27,25.3,14
117,117,2,2013-04-23,MIA,,MIL,W 98-86,*,38:39,6,14,.429,0,3,.000,6,11,.545,.429,7,8,.875,1,7,8,6,1,0,4,2,19,14.4,13
118,118,3,2013-04-25,MIA,@,MIL,W 104-91,*,32:48,9,14,.643,2,4,.500,7,10,.700,.714,2,4,.500,0,5,5,6,0,0,5,2,22,14.9,14
119,119,4,2013-04-28,MIA,@,MIL,W 88-77,*,41:06,13,20,.650,0,2,.000,13,18,.722,.650,4,7,.571,2,6,8,7,3,1,5,3,30,25.6,16
,,,,,,,,,,,,,,,,,,,,,,,,,,,,,,,,,
120,120,5,2013-05-06,MIA,,CHI,L 86-93,*,43:44,8,17,.471,1,3,.333,7,14,.500,.500,7,9,.778,2,6,8,7,2,1,2,2,24,22.5,-15
121,121,6,2013-05-08,MIA,,CHI,W 115-78,*,32:29,7,12,.583,1,3,.333,6,9,.667,.625,4,8,.500,0,5,5,9,3,0,3,1,19,19.2,25
122,122,7,2013-05-10,MIA,@,CHI,W 104-94,*,44:25,6,17,.353,2,4,.500,4,13,.308,.412,11,11,1.000,0,8,8,7,2,0,1,0,25,23.8,7
123,123,8,2013-05-13,MIA,@,CHI,W 88-65,*,43:12,9,20,.450,1,4,.250,8,16,.500,.475,8,9,.889,0,7,7,8,2,0,5,0,27,20.9,27
124,124,9,2013-05-15,MIA,,CHI,W 94-91,*,44:26,5,14,.357,1,3,.333,4,11,.364,.393,12,15,.800,0,7,7,8,2,0,2,3,23,20.5,4
,,,,,,,,,,,,,,,,,,,,,,,,,,,,,,,,,
125,125,10,2013-05-22,MIA,,IND,W 103-102 (OT),*,46:33,12,24,.500,2,6,.333,10,18,.556,.542,4,7,.571,3,7,10,10,0,3,4,5,30,24.1,3
126,126,11,2013-05-24,MIA,,IND,L 93-97,*,45:17,14,20,.700,3,7,.429,11,13,.846,.775,5,7,.714,4,4,8,3,3,1,5,3,36,30.4,-7
127,127,12,2013-05-26,MIA,@,IND,W 114-96,*,41:13,8,17,.471,0,1,.000,8,16,.500,.471,6,6,1.000,0,4,4,3,0,0,0,0,22,16.6,22
128,128,13,2013-05-28,MIA,@,IND,L 92-99,*,43:19,8,18,.444,4,7,.571,4,11,.364,.556,4,6,.667,4,2,6,5,1,3,2,6,24,19.4,-3
129,129,14,2013-05-30,MIA,,IND,W 90-79,*,44:29,13,26,.500,3,7,.429,10,19,.526,.558,1,4,.250,0,8,8,6,2,1,3,1,30,21.7,14
130,130,15,2013-06-01,MIA,@,IND,L 77-91,*,42:17,10,21,.476,2,4,.500,8,17,.471,.524,7,8,.875,0,7,7,6,2,1,4,2,29,22.1,-22
131,131,16,2013-06-03,MIA,,IND,W 99-76,*,40:49,8,17,.471,1,2,.500,7,15,.467,.500,15,16,.938,2,6,8,4,2,1,2,1,32,29.2,21
,,,,,,,,,,,,,,,,,,,,,,,,,,,,,,,,,
132,132,17,2013-06-06,MIA,,SAS,L 88-92,*,41:35,7,16,.438,1,5,.200,6,11,.545,.469,3,4,.750,2,16,18,10,0,0,2,0,18,20.4,-3
133,133,18,2013-06-09,MIA,,SAS,W 103-84,*,40:33,7,17,.412,1,3,.333,6,14,.429,.441,2,2,1.000,1,7,8,7,3,3,2,2,17,17.9,29
134,134,19,2013-06-11,MIA,@,SAS,L 77-113,*,39:07,7,21,.333,1,5,.200,6,16,.375,.357,0,0,,1,10,11,5,2,0,2,0,15,10.3,-32
135,135,20,2013-06-13,MIA,@,SAS,W 109-93,*,41:23,15,25,.600,1,2,.500,14,23,.609,.620,2,4,.500,3,8,11,4,2,2,1,2,33,29.6,8
136,136,21,2013-06-16,MIA,@,SAS,L 104-114,*,43:41,8,22,.364,2,4,.500,6,18,.333,.409,7,9,.778,3,3,6,8,4,0,3,1,25,21.2,-9
137,137,22,2013-06-18,MIA,,SAS,W 103-100 (OT),*,49:46,11,26,.423,1,5,.200,10,21,.476,.442,9,12,.750,4,6,10,11,3,1,6,3,32,25.8,-1
138,138,23,2013-06-20,MIA,,SAS,W 95-88,*,45:00,12,23,.522,5,10,.500,7,13,.538,.630,8,8,1.000,3,9,12,4,2,0,2,2,37,32.5,8
139,139,1,2014-04-20,MIA,,CHA,W 99-88,*,38:32,8,16,.500,4,8,.500,4,8,.500,.625,7,10,.700,0,9,9,1,0,0,3,1,27,17.8,0
140,140,2,2014-04-23,MIA,,CHA,W 101-97,*,39:50,11,17,.647,1,5,.200,10,12,.833,.676,9,12,.750,0,6,6,8,4,0,4,2,32,29.9,6
141,141,3,2014-04-26,MIA,@,CHA,W 98-85,*,35:59,10,18,.556,1,2,.500,9,16,.563,.583,9,10,.900,0,10,10,6,2,0,2,1,30,27.8,20
142,142,4,2014-04-28,MIA,@,CHA,W 109-98,*,42:54,10,19,.526,1,5,.200,9,14,.643,.553,10,12,.833,0,7,7,9,3,1,2,3,31,29.8,12
,,,,,,,,,,,,,,,,,,,,,,,,,,,,,,,,,
143,143,5,2014-05-06,MIA,,BRK,W 107-86,*,36:21,10,15,.667,0,0,,10,15,.667,.667,2,2,1.000,1,4,5,3,0,0,1,2,22,17.7,10
144,144,6,2014-05-08,MIA,,BRK,W 94-82,*,39:07,9,18,.500,0,3,.000,9,15,.600,.500,4,6,.667,0,4,4,3,2,1,2,2,22,15.4,6
145,145,7,2014-05-10,MIA,@,BRK,L 90-104,*,39:39,8,15,.533,3,7,.429,5,8,.625,.633,9,10,.900,0,8,8,5,1,1,2,2,28,25.1,-14
146,146,8,2014-05-12,MIA,@,BRK,W 102-96,*,43:28,16,24,.667,3,6,.500,13,18,.722,.729,14,19,.737,0,6,6,2,3,0,1,5,49,39.8,13
147,147,9,2014-05-14,MIA,,BRK,W 96-94,*,43:36,6,14,.429,2,5,.400,4,9,.444,.500,15,17,.882,2,7,9,5,0,1,5,1,29,23.1,4
,,,,,,,,,,,,,,,,,,,,,,,,,,,,,,,,,
148,148,10,2014-05-18,MIA,@,IND,L 96-107,*,40:50,11,18,.611,1,5,.200,10,13,.769,.639,2,2,1.000,1,9,10,5,3,0,4,3,25,21.5,-13
149,149,11,2014-05-20,MIA,@,IND,W 87-83,*,42:21,9,18,.500,1,5,.200,8,13,.615,.528,3,6,.500,0,7,7,6,2,3,3,3,22,18.0,4
150,150,12,2014-05-24,MIA,,IND,W 99-87,*,39:46,9,14,.643,1,2,.500,8,12,.667,.679,7,9,.778,1,4,5,7,3,0,6,2,26,22.0,24
151,151,13,2014-05-26,MIA,,IND,W 102-90,*,35:48,13,21,.619,2,3,.667,11,18,.611,.667,4,4,1.000,0,10,10,5,2,0,2,3,32,27.8,10
152,152,14,2014-05-28,MIA,@,IND,L 90-93,*,24:21,2,10,.200,1,3,.333,1,7,.143,.250,2,3,.667,1,1,2,4,0,1,3,5,7,-0.1,1
153,153,15,2014-05-30,MIA,,IND,W 117-92,*,31:39,8,12,.667,0,0,,8,12,.667,.667,9,9,1.000,1,3,4,6,1,1,2,1,25,24.9,27
,,,,,,,,,,,,,,,,,,,,,,,,,,,,,,,,,
154,154,16,2014-06-05,MIA,@,SAS,L 95-110,*,32:53,9,17,.529,2,3,.667,7,14,.500,.588,5,6,.833,3,3,6,3,3,0,4,1,25,20.0,0
155,155,17,2014-06-08,MIA,@,SAS,W 98-96,*,37:36,14,22,.636,3,3,1.000,11,19,.579,.705,4,5,.800,2,8,10,3,2,0,4,3,35,27.5,11
156,156,18,2014-06-10,MIA,,SAS,L 92-111,*,39:49,9,14,.643,2,4,.500,7,10,.700,.714,2,3,.667,1,4,5,7,5,0,7,5,22,18.2,-21
157,157,19,2014-06-12,MIA,,SAS,L 86-107,*,37:39,10,17,.588,4,8,.500,6,9,.667,.706,4,6,.667,0,8,8,2,0,0,3,0,28,20.1,-21
158,158,20,2014-06-15,MIA,@,SAS,L 87-104,*,41:16,10,21,.476,3,9,.333,7,12,.583,.548,8,9,.889,1,9,10,5,0,2,1,1,31,26.8,-16
159,159,1,2015-04-19,CLE,,BOS,W 113-100,*,41:55,8,18,.444,1,3,.333,7,15,.467,.472,3,4,.750,0,6,6,7,2,1,5,2,20,13.8,3
160,160,2,2015-04-21,CLE,,BOS,W 99-91,*,41:48,11,22,.500,1,5,.200,10,17,.588,.523,7,8,.875,1,8,9,7,0,2,6,3,30,20.8,11
161,161,3,2015-04-23,CLE,@,BOS,W 103-95,*,41:58,13,26,.500,1,5,.200,12,21,.571,.519,4,5,.800,1,10,11,4,4,2,2,1,31,27.1,0
162,162,4,2015-04-26,CLE,@,BOS,W 101-93,*,46:22,10,24,.417,1,7,.143,9,17,.529,.438,6,10,.600,0,10,10,8,3,1,6,2,27,18.1,7
,,,,,,,,,,,,,,,,,,,,,,,,,,,,,,,,,
163,163,5,2015-05-04,CLE,,CHI,L 92-99,*,41:56,9,22,.409,0,3,.000,9,19,.474,.409,1,2,.500,4,11,15,9,3,1,6,4,19,15.3,-11
164,164,6,2015-05-06,CLE,,CHI,W 106-91,*,34:13,13,29,.448,0,2,.000,13,27,.481,.448,7,9,.778,3,5,8,5,2,1,2,2,33,24.1,31
165,165,7,2015-05-08,CLE,@,CHI,L 96-99,*,43:39,8,25,.320,1,7,.143,7,18,.389,.340,10,11,.909,2,6,8,14,1,1,7,4,27,18.4,1
166,166,8,2015-05-10,CLE,@,CHI,W 86-84,*,43:09,10,30,.333,1,7,.143,9,23,.391,.350,4,4,1.000,2,12,14,8,1,2,8,4,25,11.4,5
167,167,9,2015-05-12,CLE,,CHI,W 106-101,*,40:56,14,24,.583,1,5,.200,13,19,.684,.604,9,12,.750,2,10,12,6,3,3,0,3,38,38.1,-4
168,168,10,2015-05-14,CLE,@,CHI,W 94-73,*,41:03,7,23,.304,0,4,.000,7,19,.368,.304,1,2,.500,1,8,9,11,0,2,4,4,15,7.9,20
,,,,,,,,,,,,,,,,,,,,,,,,,,,,,,,,,
169,169,11,2015-05-20,CLE,@,ATL,W 97-89,*,38:02,12,26,.462,0,1,.000,12,25,.480,.462,7,8,.875,1,7,8,6,1,0,4,3,31,20.0,3
170,170,12,2015-05-22,CLE,@,ATL,W 94-82,*,38:58,10,22,.455,2,7,.286,8,15,.533,.500,8,11,.727,1,8,9,11,0,1,4,1,30,24.5,18
171,171,13,2015-05-24,CLE,,ATL,W 114-111 (OT),*,46:47,14,37,.378,1,6,.167,13,31,.419,.392,8,10,.800,8,10,18,13,3,0,6,4,37,29.0,-3
172,172,14,2015-05-26,CLE,,ATL,W 118-88,*,29:10,10,20,.500,2,6,.333,8,14,.571,.550,1,4,.250,0,9,9,7,2,1,1,2,23,20.3,20
,,,,,,,,,,,,,,,,,,,,,,,,,,,,,,,,,
173,173,15,2015-06-04,CLE,@,GSW,L 100-108 (OT),*,45:46,18,38,.474,2,8,.250,16,30,.533,.500,6,10,.600,0,8,8,6,0,0,4,2,44,24.8,-3
174,174,16,2015-06-07,CLE,@,GSW,W 95-93 (OT),*,50:20,11,35,.314,3,6,.500,8,29,.276,.357,14,18,.778,4,12,16,11,1,1,3,3,39,28.9,0
175,175,17,2015-06-09,CLE,,GSW,W 96-91,*,46:00,14,34,.412,2,6,.333,12,28,.429,.441,10,12,.833,1,11,12,8,4,2,4,1,40,31.6,7
176,176,18,2015-06-11,CLE,,GSW,L 82-103,*,40:55,7,22,.318,1,4,.250,6,18,.333,.341,5,10,.500,2,10,12,8,0,0,2,5,20,11.4,-15
177,177,19,2015-06-14,CLE,@,GSW,L 91-104,*,44:46,15,34,.441,3,8,.375,12,26,.462,.485,7,9,.778,1,13,14,11,1,0,2,5,40,30.7,-11
178,178,20,2015-06-16,CLE,,GSW,L 97-105,*,46:42,13,33,.394,2,10,.200,11,23,.478,.424,4,8,.500,3,15,18,9,2,0,6,3,32,20.2,-3
179,179,1,2016-04-17,CLE,,DET,W 106-101,*,40:51,9,17,.529,0,3,.000,9,14,.643,.529,4,4,1.000,1,5,6,11,2,2,1,3,22,24.8,18
180,180,2,2016-04-20,CLE,,DET,W 107-90,*,39:44,12,18,.667,2,4,.500,10,14,.714,.722,1,3,.333,1,5,6,3,3,0,5,3,27,19.5,10
181,181,3,2016-04-22,CLE,@,DET,W 101-91,*,42:55,8,24,.333,1,6,.167,7,18,.389,.354,3,5,.600,1,12,13,7,0,1,5,2,20,9.7,17
182,182,4,2016-04-24,CLE,@,DET,W 100-98,*,41:27,9,19,.474,1,6,.167,8,13,.615,.500,3,3,1.000,2,9,11,6,2,0,2,4,22,19.0,5
,,,,,,,,,,,,,,,,,,,,,,,,,,,,,,,,,
183,183,5,2016-05-02,CLE,,ATL,W 104-93,*,40:34,11,21,.524,2,4,.500,9,17,.529,.571,1,1,1.000,0,7,7,9,5,1,4,3,25,23.6,16
184,184,6,2016-05-04,CLE,,ATL,W 123-98,*,28:08,9,15,.600,4,6,.667,5,9,.556,.733,5,9,.556,0,4,4,5,3,0,2,4,27,22.6,24
185,185,7,2016-05-06,CLE,@,ATL,W 121-108,*,38:58,8,16,.500,1,4,.250,7,12,.583,.531,7,9,.778,2,11,13,8,2,0,5,2,24,21.7,17
186,186,8,2016-05-08,CLE,@,ATL,W 100-99,*,37:52,10,23,.435,1,5,.200,9,18,.500,.457,0,3,.000,5,5,10,9,2,1,6,2,21,14.9,2
,,,,,,,,,,,,,,,,,,,,,,,,,,,,,,,,,
187,187,9,2016-05-17,CLE,,TOR,W 115-84,*,28:18,11,13,.846,0,1,.000,11,12,.917,.846,2,4,.500,2,4,6,4,2,1,4,3,24,21.4,20
188,188,10,2016-05-19,CLE,,TOR,W 108-89,*,33:45,7,13,.538,0,2,.000,7,11,.636,.538,9,17,.529,1,10,11,11,3,0,2,2,23,25.1,16
189,189,11,2016-05-21,CLE,@,TOR,L 84-99,*,38:50,9,17,.529,1,5,.200,8,12,.667,.559,5,7,.714,4,4,8,5,2,0,2,3,24,21.2,-12
190,190,12,2016-05-23,CLE,@,TOR,L 99-105,*,45:48,11,16,.688,1,3,.333,10,13,.769,.719,6,6,1.000,4,5,9,6,2,1,1,3,29,31.2,-3
191,191,13,2016-05-25,CLE,,TOR,W 116-78,*,31:30,10,17,.588,2,4,.500,8,13,.615,.647,1,3,.333,0,6,6,8,2,1,2,2,23,21.6,32
192,192,14,2016-05-27,CLE,@,TOR,W 113-87,*,41:15,13,22,.591,3,6,.500,10,16,.625,.659,4,7,.571,2,9,11,6,1,3,3,2,33,29.2,22
,,,,,,,,,,,,,,,,,,,,,,,,,,,,,,,,,
193,193,15,2016-06-02,CLE,@,GSW,L 89-104,*,40:53,9,21,.429,2,4,.500,7,17,.412,.476,3,4,.750,4,8,12,9,2,1,4,2,23,20.9,-9
194,194,16,2016-06-05,CLE,@,GSW,L 77-110,*,33:38,7,17,.412,1,5,.200,6,12,.500,.441,4,4,1.000,0,8,8,9,4,1,7,3,19,15.1,-20
195,195,17,2016-06-08,CLE,,GSW,W 120-90,*,40:04,14,26,.538,1,2,.500,13,24,.542,.558,3,5,.600,2,9,11,6,1,2,5,2,32,23.5,24
196,196,18,2016-06-10,CLE,,GSW,L 97-108,*,45:34,11,21,.524,1,5,.200,10,16,.625,.548,2,4,.500,4,9,13,9,2,3,7,4,25,21.2,-12
197,197,19,2016-06-13,CLE,@,GSW,W 112-97,*,42:38,16,30,.533,4,8,.500,12,22,.545,.600,5,8,.625,4,12,16,7,3,3,2,1,41,39.2,13
198,198,20,2016-06-16,CLE,,GSW,W 115-101,*,42:35,16,27,.593,3,6,.500,13,21,.619,.648,6,8,.750,2,6,8,11,4,3,1,3,41,42.5,26
199,199,21,2016-06-19,CLE,@,GSW,W 93-89,*,46:49,9,24,.375,1,5,.200,8,19,.421,.396,8,10,.800,1,10,11,11,2,3,5,1,27,23.1,4
200,200,1,2017-04-15,CLE,,IND,W 109-108,*,42:44,12,20,.600,2,3,.667,10,17,.588,.650,6,9,.667,1,5,6,13,3,0,3,3,32,31.7,5
201,201,2,2017-04-17,CLE,,IND,W 117-111,*,42:16,11,20,.550,0,2,.000,11,18,.611,.550,3,6,.500,0,10,10,7,4,4,8,2,25,20.1,6
202,202,3,2017-04-20,CLE,@,IND,W 119-114,*,45:13,14,27,.519,6,12,.500,8,15,.533,.630,7,14,.500,1,12,13,12,1,2,3,4,41,35.4,13
203,203,4,2017-04-23,CLE,@,IND,W 106-102,*,44:44,13,25,.520,1,3,.333,12,22,.545,.540,6,9,.667,0,10,10,4,4,2,4,1,33,26.3,4
,,,,,,,,,,,,,,,,,,,,,,,,,,,,,,,,,
204,204,5,2017-05-01,CLE,,TOR,W 116-105,*,41:02,13,23,.565,2,5,.400,11,18,.611,.609,7,8,.875,2,8,10,4,1,1,3,2,35,28.2,16
205,205,6,2017-05-03,CLE,,TOR,W 125-103,*,36:36,10,14,.714,4,6,.667,6,8,.750,.857,15,21,.714,1,5,6,4,3,2,3,3,39,36.0,24
206,206,7,2017-05-05,CLE,@,TOR,W 115-94,*,40:38,9,16,.563,2,4,.500,7,12,.583,.625,15,16,.938,0,8,8,7,1,0,5,1,35,29.9,20
207,207,8,2017-05-07,CLE,@,TOR,W 109-102,*,46:11,11,22,.500,5,12,.417,6,10,.600,.614,8,9,.889,1,8,9,6,0,1,6,1,35,25.2,7
,,,,,,,,,,,,,,,,,,,,,,,,,,,,,,,,,
208,208,9,2017-05-17,CLE,@,BOS,W 117-104,*,41:58,14,24,.583,1,6,.167,13,18,.722,.604,9,11,.818,2,7,9,7,2,0,2,2,38,33.6,17
209,209,10,2017-05-19,CLE,@,BOS,W 130-86,*,32:48,12,18,.667,4,6,.667,8,12,.667,.778,2,4,.500,0,4,4,7,4,3,1,1,30,32.2,46
210,210,11,2017-05-21,CLE,,BOS,L 108-111,*,45:03,4,13,.308,0,4,.000,4,9,.444,.308,3,6,.500,1,5,6,6,1,1,6,2,11,3.6,1
211,211,12,2017-05-23,CLE,,BOS,W 112-99,*,38:16,15,27,.556,1,6,.167,14,21,.667,.574,3,4,.750,0,5,5,6,1,1,5,4,34,21.5,7
212,212,13,2017-05-25,CLE,@,BOS,W 135-102,*,34:44,13,18,.722,4,7,.571,9,11,.818,.833,5,8,.625,1,7,8,8,3,1,2,4,35,34.9,36
,,,,,,,,,,,,,,,,,,,,,,,,,,,,,,,,,
213,213,14,2017-06-01,CLE,@,GSW,L 91-113,*,40:02,9,20,.450,2,6,.333,7,14,.500,.500,8,12,.667,3,12,15,8,0,2,8,4,28,19.1,-22
214,214,15,2017-06-04,CLE,@,GSW,L 113-132,*,39:22,12,18,.667,1,3,.333,11,15,.733,.694,4,5,.800,0,11,11,14,3,1,4,2,29,32.8,-11
215,215,16,2017-06-07,CLE,,GSW,L 113-118,*,45:37,15,27,.556,4,9,.444,11,18,.611,.630,5,6,.833,3,8,11,9,1,1,5,2,39,32.4,7
216,216,17,2017-06-09,CLE,,GSW,W 137-116,*,40:46,11,22,.500,3,8,.375,8,14,.571,.568,6,10,.600,1,9,10,11,1,0,2,2,31,27.7,32
217,217,18,2017-06-12,CLE,@,GSW,L 120-129,*,46:13,19,30,.633,2,5,.400,17,25,.680,.667,1,4,.250,2,11,13,8,2,1,2,3,41,36.2,-13
218,218,1,2018-04-15,CLE,,IND,L 80-98,*,43:56,7,17,.412,0,4,.000,7,13,.538,.412,10,14,.714,3,7,10,12,1,1,3,2,24,23.8,-13
219,219,2,2018-04-18,CLE,,IND,W 100-97,*,39:53,17,24,.708,2,5,.400,15,19,.789,.750,10,13,.769,1,11,12,5,2,0,3,1,46,40.9,7
220,220,3,2018-04-20,CLE,@,IND,L 90-92,*,41:41,10,22,.455,4,7,.571,6,15,.400,.545,4,6,.667,3,9,12,8,1,1,6,1,28,21.5,-1
221,221,4,2018-04-22,CLE,@,IND,W 104-100,*,46:09,12,22,.545,0,5,.000,12,17,.706,.545,8,9,.889,2,11,13,7,0,2,1,3,32,29.8,3
222,222,5,2018-04-25,CLE,,IND,W 98-95,*,41:49,14,24,.583,1,4,.250,13,20,.650,.604,15,15,1.000,3,7,10,8,1,1,5,3,44,38.1,2
223,223,6,2018-04-27,CLE,@,IND,L 87-121,*,31:11,7,16,.438,3,6,.500,4,10,.400,.531,5,5,1.000,0,5,5,7,1,2,4,3,22,17.2,-24
224,224,7,2018-04-29,CLE,,IND,W 105-101,*,43:25,16,25,.640,2,3,.667,14,22,.636,.680,11,15,.733,2,6,8,7,4,0,4,4,45,38.8,-2
,,,,,,,,,,,,,,,,,,,,,,,,,,,,,,,,,
225,225,8,2018-05-01,CLE,@,TOR,W 113-112 (OT),*,46:56,12,30,.400,1,8,.125,11,22,.500,.417,1,6,.167,0,11,11,13,1,2,1,2,26,20.8,5
226,226,9,2018-05-03,CLE,@,TOR,W 128-110,*,40:30,19,28,.679,1,3,.333,18,25,.720,.696,4,8,.500,1,7,8,14,1,0,1,1,43,41.6,20
227,227,10,2018-05-05,CLE,,TOR,W 105-103,*,41:16,14,26,.538,1,4,.250,13,22,.591,.558,9,11,.818,1,5,6,7,3,1,4,1,38,31.0,2
228,228,11,2018-05-07,CLE,,TOR,W 128-93,*,38:24,12,19,.632,0,3,.000,12,16,.750,.632,5,8,.625,0,8,8,11,2,1,2,2,29,29.3,28
,,,,,,,,,,,,,,,,,,,,,,,,,,,,,,,,,
229,229,12,2018-05-13,CLE,@,BOS,L 83-108,*,36:07,5,16,.313,0,5,.000,5,11,.455,.313,5,6,.833,0,7,7,9,0,2,7,1,15,7.8,-32
230,230,13,2018-05-15,CLE,@,BOS,L 94-107,*,38:46,16,29,.552,5,11,.455,11,18,.611,.638,5,10,.500,1,9,10,12,0,1,6,3,42,31.4,-9
231,231,14,2018-05-19,CLE,,BOS,W 116-86,*,37:30,8,12,.667,3,3,1.000,5,9,.556,.792,8,10,.800,1,4,5,12,2,2,3,3,27,30.5,31
232,232,15,2018-05-21,CLE,,BOS,W 111-102,*,41:53,17,28,.607,1,4,.250,16,24,.667,.625,9,13,.692,1,4,5,3,2,0,7,3,44,27.4,9
233,233,16,2018-05-23,CLE,@,BOS,L 83-96,*,39:16,11,22,.500,1,6,.167,10,16,.625,.523,3,4,.750,0,10,10,5,1,0,6,2,26,15.3,-11
234,234,17,2018-05-25,CLE,,BOS,W 109-99,*,46:06,17,33,.515,5,7,.714,12,26,.462,.591,7,11,.636,3,8,11,9,3,1,3,2,46,38.8,15
235,235,18,2018-05-27,CLE,@,BOS,W 87-79,*,48:00,12,24,.500,3,8,.375,9,16,.563,.563,8,11,.727,0,15,15,9,0,2,8,4,35,24.4,8
,,,,,,,,,,,,,,,,,,,,,,,,,,,,,,,,,
236,236,19,2018-05-31,CLE,@,GSW,L 114-124 (OT),*,47:32,19,32,.594,3,7,.429,16,25,.640,.641,10,11,.909,4,4,8,8,1,1,5,2,51,41.3,-13
237,237,20,2018-06-03,CLE,@,GSW,L 103-122,*,43:51,10,20,.500,2,4,.500,8,16,.500,.550,7,9,.778,1,8,9,13,2,0,5,2,29,26.6,-18
238,238,21,2018-06-06,CLE,,GSW,L 102-110,*,46:52,13,28,.464,1,6,.167,12,22,.545,.482,6,7,.857,3,7,10,11,2,2,4,2,33,28.7,-8
239,239,22,2018-06-08,CLE,,GSW,L 85-108,*,40:34,7,13,.538,0,1,.000,7,12,.583,.538,9,11,.818,1,6,7,8,0,1,6,5,23,16.7,-21
240,240,1,2020-08-18,LAL,,POR,L 93-100,*,41:03,9,20,.450,1,5,.200,8,15,.533,.475,4,7,.571,2,15,17,16,1,0,4,1,23,25.1,-3
241,241,2,2020-08-20,LAL,,POR,W 111-88,*,26:41,4,11,.364,0,3,.000,4,8,.500,.364,2,2,1.000,0,6,6,7,2,0,6,1,10,6.2,23
242,242,3,2020-08-22,LAL,@,POR,W 116-108,*,34:29,11,18,.611,4,8,.500,7,10,.700,.722,12,17,.706,1,11,12,8,2,0,8,3,38,30.2,2
243,243,4,2020-08-24,LAL,@,POR,W 135-115,*,28:18,10,12,.833,4,5,.800,6,7,.857,1.000,6,8,.750,1,5,6,10,0,1,2,2,30,31.9,17
244,244,5,2020-08-29,LAL,,POR,W 131-122,*,33:52,14,19,.737,4,7,.571,10,12,.833,.842,4,4,1.000,0,10,10,10,1,1,5,1,36,34.6,20
,,,,,,,,,,,,,,,,,,,,,,,,,,,,,,,,,
245,245,6,2020-09-04,LAL,,HOU,L 97-112,*,36:34,7,15,.467,2,7,.286,5,8,.625,.533,4,5,.800,1,7,8,7,0,2,4,2,20,16.2,-15
246,246,7,2020-09-06,LAL,,HOU,W 117-109,*,39:16,10,17,.588,1,5,.200,9,12,.750,.618,7,10,.700,0,11,11,9,4,2,7,3,28,25.7,15
247,247,8,2020-09-08,LAL,@,HOU,W 112-102,*,37:31,13,23,.565,4,9,.444,9,14,.643,.652,6,10,.600,0,7,7,5,1,4,2,1,36,30.5,8
248,248,9,2020-09-10,LAL,@,HOU,W 110-100,*,33:45,7,17,.412,0,5,.000,7,12,.583,.412,2,3,.667,1,14,15,9,3,0,4,2,16,15.9,15
249,249,10,2020-09-12,LAL,,HOU,W 119-96,*,30:48,9,18,.500,3,8,.375,6,10,.600,.583,8,10,.800,2,9,11,7,2,1,4,2,29,26.1,19
,,,,,,,,,,,,,,,,,,,,,,,,,,,,,,,,,
250,250,11,2020-09-18,LAL,,DEN,W 126-114,*,30:54,6,11,.545,0,2,.000,6,9,.667,.545,3,4,.750,1,5,6,12,0,0,3,2,15,16.1,15
251,251,12,2020-09-20,LAL,,DEN,W 105-103,*,36:25,10,20,.500,3,8,.375,7,12,.583,.575,3,4,.750,2,9,11,4,0,2,6,2,26,17.1,-9
252,252,13,2020-09-22,LAL,@,DEN,L 106-114,*,37:15,14,23,.609,1,4,.250,13,19,.684,.630,1,2,.500,1,9,10,11,2,2,6,1,30,27.2,2
253,253,14,2020-09-24,LAL,@,DEN,W 114-108,*,38:21,7,18,.389,1,3,.333,6,15,.400,.417,11,14,.786,1,8,9,8,0,0,0,2,26,22.9,8
254,254,15,2020-09-26,LAL,,DEN,W 117-107,*,40:01,15,25,.600,1,4,.250,14,21,.667,.620,7,8,.875,3,13,16,10,1,0,2,2,38,37.3,12
,,,,,,,,,,,,,,,,,,,,,,,,,,,,,,,,,
255,255,16,2020-09-30,LAL,,MIA,W 116-98,*,36:24,9,17,.529,2,4,.500,7,13,.538,.588,5,6,.833,1,12,13,9,1,0,2,3,25,24.7,10
256,256,17,2020-10-02,LAL,,MIA,W 124-114,*,39:09,14,25,.560,3,8,.375,11,17,.647,.620,2,5,.400,2,7,9,9,1,1,0,2,33,30.6,7
257,257,18,2020-10-04,LAL,@,MIA,L 104-115,*,39:13,9,16,.563,1,5,.200,8,11,.727,.594,6,9,.667,1,9,10,8,0,2,8,2,25,17.8,-4
258,258,19,2020-10-06,LAL,@,MIA,W 102-96,*,38:38,8,16,.500,2,5,.400,6,11,.545,.563,10,12,.833,2,10,12,8,1,0,6,2,28,23.4,-2
259,259,20,2020-10-09,LAL,,MIA,L 108-111,*,41:51,15,21,.714,6,9,.667,9,12,.750,.857,4,6,.667,3,10,13,7,3,0,4,1,40,39.1,7
260,260,21,2020-10-11,LAL,@,MIA,W 106-93,*,41:13,13,20,.650,1,5,.200,12,15,.800,.675,1,4,.250,3,11,14,10,1,0,1,3,28,29.2,18
261,261,1,2021-05-23,LAL,@,PHO,L 90-99,*,36:04,6,13,.462,3,7,.429,3,6,.500,.577,3,6,.500,1,6,7,10,3,0,5,1,18,17.2,2
262,262,2,2021-05-25,LAL,@,PHO,W 109-102,*,38:54,9,16,.563,4,9,.444,5,7,.714,.688,1,1,1.000,0,4,4,9,2,0,1,3,23,22.7,14
263,263,3,2021-05-27,LAL,,PHO,W 109-95,*,37:45,9,19,.474,1,5,.200,8,14,.571,.500,2,3,.667,1,5,6,9,1,0,7,0,21,13.4,15
264,264,4,2021-05-30,LAL,,PHO,L 92-100,*,37:50,10,21,.476,1,7,.143,9,14,.643,.500,4,7,.571,2,10,12,6,1,0,6,1,25,16.3,6
265,265,5,2021-06-01,LAL,@,PHO,L 85-115,*,31:39,9,19,.474,6,10,.600,3,9,.333,.632,0,0,,1,4,5,7,0,0,3,1,24,17.7,-24
266,266,6,2021-06-03,LAL,,PHO,L 100-113,*,41:25,11,26,.423,3,10,.300,8,16,.500,.481,4,6,.667,2,7,9,7,2,2,3,1,29,22.8,-3
267,267,1,2023-04-16,LAL,@,MEM,W 128-112,*,34:01,8,16,.500,3,8,.375,5,8,.625,.594,2,4,.500,2,9,11,5,2,3,5,1,21,18.5,7
268,268,2,2023-04-19,LAL,@,MEM,L 93-103,*,38:53,12,23,.522,1,8,.125,11,15,.733,.543,3,4,.750,2,10,12,3,1,1,1,1,28,23.1,-17
269,269,3,2023-04-22,LAL,,MEM,W 111-101,*,36:00,10,20,.500,0,4,.000,10,16,.625,.500,5,7,.714,2,7,9,5,1,1,3,3,25,18.7,-6
270,270,4,2023-04-24,LAL,,MEM,W 117-111 (OT),*,45:28,8,18,.444,1,7,.143,7,11,.636,.472,5,7,.714,5,15,20,7,0,2,1,3,22,23.9,8
271,271,5,2023-04-26,LAL,@,MEM,L 99-116,*,36:57,5,17,.294,1,9,.111,4,8,.500,.324,4,6,.667,2,8,10,5,1,1,5,1,15,7.9,-1
272,272,6,2023-04-28,LAL,,MEM,W 125-85,*,31:15,9,13,.692,2,5,.400,7,8,.875,.769,2,3,.667,1,4,5,6,1,0,3,2,22,19.4,32
,,,,,,,,,,,,,,,,,,,,,,,,,,,,,,,,,
273,273,7,2023-05-02,LAL,@,GSW,W 117-112,*,40:05,9,24,.375,1,8,.125,8,16,.500,.396,3,4,.750,2,9,11,4,0,3,4,0,22,13.4,1
274,274,8,2023-05-04,LAL,@,GSW,L 100-127,*,28:07,10,18,.556,3,8,.375,7,10,.700,.639,0,0,,0,7,7,3,1,0,0,3,23,18.4,-27
275,275,9,2023-05-06,LAL,,GSW,W 127-97,*,32:23,6,11,.545,2,4,.500,4,7,.571,.636,7,8,.875,1,7,8,8,0,1,0,0,21,24.4,26
276,276,10,2023-05-08,LAL,,GSW,W 104-101,*,42:57,10,25,.400,2,9,.222,8,16,.500,.440,5,5,1.000,2,7,9,6,0,1,3,3,27,17.7,-8
277,277,11,2023-05-10,LAL,@,GSW,L 106-121,*,39:10,9,17,.529,3,7,.429,6,10,.600,.618,4,4,1.000,1,8,9,3,2,1,4,3,25,19.4,-16
278,278,12,2023-05-12,LAL,,GSW,W 122-101,*,43:08,10,14,.714,2,3,.667,8,11,.727,.786,8,11,.727,0,9,9,9,2,1,2,2,30,31.9,21
,,,,,,,,,,,,,,,,,,,,,,,,,,,,,,,,,
279,279,13,2023-05-16,LAL,@,DEN,L 126-132,*,39:52,9,16,.563,0,4,.000,9,12,.750,.563,8,11,.727,3,9,12,9,0,1,3,1,26,25.6,-6
280,280,14,2023-05-18,LAL,@,DEN,L 103-108,*,40:08,9,19,.474,0,6,.000,9,13,.692,.474,4,4,1.000,0,9,9,10,4,2,3,2,22,23.6,4
281,281,15,2023-05-20,LAL,,DEN,L 108-119,*,42:57,8,19,.421,3,9,.333,5,10,.500,.500,4,7,.571,0,7,7,12,0,0,2,2,23,19.4,-4
282,282,16,2023-05-22,LAL,,DEN,L 111-113,*,47:56,15,25,.600,4,7,.571,11,18,.611,.680,6,7,.857,2,8,10,9,2,0,1,1,40,38.8,-2
283,283,1,2024-04-20,LAL,@,DEN,L 103-114,*,40:45,10,16,.625,3,5,.600,7,11,.636,.719,4,5,.800,2,4,6,8,1,1,7,1,27,21.9,-9
284,284,2,2024-04-22,LAL,@,DEN,L 99-101,*,38:03,9,19,.474,3,6,.500,6,13,.462,.553,5,7,.714,0,8,8,12,2,2,2,3,26,26.5,2
285,285,3,2024-04-25,LAL,,DEN,L 105-112,*,42:09,12,20,.600,1,6,.167,11,14,.786,.625,1,2,.500,0,6,6,9,2,1,3,3,26,23.0,-8
286,286,4,2024-04-27,LAL,,DEN,W 119-108,*,38:50,14,23,.609,0,2,.000,14,21,.667,.609,2,2,1.000,1,4,5,4,3,1,6,0,30,21.9,1
287,287,5,2024-04-29,LAL,@,DEN,L 106-108,*,44:05,11,21,.524,3,7,.429,8,14,.571,.595,5,7,.714,1,8,9,11,4,0,1,4,30,31.1,3
288,288,1,2025-04-19,LAL,,MIN,L 95-117,*,36:15,8,18,.444,1,5,.200,7,13,.538,.472,2,2,1.000,1,4,5,3,2,3,4,0,19,13.7,-22
,,,,,,,183-105,288,11899,2936,5914,.496,471,1420,.332,2465,4494,.549,.536,1838,2481,.741,431,2157,2588,2070,485,278,1038,655,8181,23.4,1291